"tag","tag_count"
"女性成长",64
"女性",55
"女性力量",53
"女性主义",48
"girlstalk",26
"女性觉醒",16
"女生必看",15
"女权主义",13
"女性必看",11
"女性意识崛起",11
"女性智慧",10
"女性健康",9
"女权",9
"正视女性困境",9
"发现我的女性力量",9
"女性支持女性",8
"恋爱",8
"尊重女性",7
"为女权发声",7
"关爱女性安全",6
"独立女性",6
"女性不应被物化",6
"看见女性力量",6
"真正的女权主义",6
"自我提升",6
"内容过于真实",6
"拒绝女性污名化",6
"女性安全",6
"情感共鸣",6
"女性励志",6
"个人成长",5
"性教育",5
"电影",5
"女性主义的觉醒",5
"不被定义的女性",5
"观点分享",5
"女性是一种处境",5
"vlog",5
"女性的自由",5
"大女子主义",5
"女性崛起的力量",5
"女性不被束缚",5
"自我成长",4
"女性魅力",4
"撕掉关于女性的那些标签",4
"女性主义者",4
"女性身体自由",4
"女性独立",4
"自律",4
"情感",4
"努力成为更好的自己",4
"尊重女性保护女性",4
"女性脚下的世界",4
"女生",4
"女性身份认同",4
"小红书游学团",4
"fyp",4
"笔记灵感",4
"女性主体性",4
"女性力量崛起",4
"妇科",3
"认知",3
"女性独立意识",3
"电影推荐",3
"女性提升",3
"知识科普",3
"高能量",3
"妇女从来都不是贬义词",3
"女性电影",3
"女性主体意识",3
"生活走读生",3
"girls talk",3
"女性拒绝被客体化",3
"我的日常",3
"一人分饰多角",3
"真实事件",3
"做自己",3
"剧情",3
"守护女性安全感",3
"大大方方做自己",3
"女性的人生是旷野",3
"生孩子",2
"plog",2
"希望世界男女平等",2
"两性",2
"保护自己",2
"情侣",2
"男女差异",2
"关于感情",2
"性别平等",2
"人生的意义",2
"生活美学",2
"性别不是边界线",2
"读书",2
"吐槽",2
"vlog日常",2
"关于婚姻的价值观",2
"大女主",2
"人生智慧",2
"上野千鶴子",2
"尊重女性就是尊重自己",2
"性科普",2
"小红书高清4k视频",2
"纪录片",2
"女性的力量",2
"电影分享",2
"男性对女性的尊重",2
"kpop",2
"性别平权",2
"努力",2
"咱玩的就是高画质",2
"女司机",2
"女权主义思考",2
"性别不是边界偏见才是",2
"黄金女孩硬要发光",2
"小红书4k视频浪潮计划",2
"女性上坡路",2
"女性的自我内核",2
"女性意识的觉醒",2
"孩子",2
"第一次",2
"中国女性力量",2
"大学生",2
"女生要清醒独立",2
"女性精神觉醒",2
"上野千鹤子",2
"生活需要分享欲",2
"嘉穗的女性成长日记",2
"做不被定义的女性",2
"真实还原",2
"人间清醒",2
"婚姻",2
"女性创业",2
"高分纪录片",2
"女性的自我觉察",2
"好东西",2
"新女性主义",2
"励志",2
"自由",2
"校园",2
"人物故事",2
"演讲",2
"不被定义",2
"女性保护好自己",2
"分享",2
"母系社会",2
"把自己当女儿",2
"deepseek",2
"自信",2
"一些有感而发",2
"剧情演绎",2
"家庭",2
"新的女性力量的崛起",2
"妈妈",2
"妇科知识",2
"女孩子应该知道的事",2
"女性崛起",1
"生理期",1
"力量与勇气",1
"女性主义博主",1
"古典油画",1
"英雌本色",1
"日常思考",1
"gilstalk",1
"年度一小步",1
"brat统治世界",1
"历史学",1
"身材管理",1
"女孩子要好好保护自己",1
"基层女性",1
"lesfem",1
"妮可罗宾",1
"女性主义哲学",1
"电影女人世界",1
"女性主义电影推荐",1
"郭晶晶",1
"所谓的男女平等呢",1
"给女生划个健康重点",1
"变美变瘦变好看",1
"女生成长",1
"txt",1
"enhypen",1
"朴成训",1
"我的追星日常",1
"新年云祈愿",1
"科学家",1
"粉色停车位",1
"我的确定性",1
"权利",1
"金钱",1
"女性保护自己",1
"手",1
"爱自己",1
"越早明白越好的道理",1
"韩剧",1
"李知恩",1
"女性护理",1
"鸡汤",1
"安全",1
"冷知识",1
